timestamp,open,high,low,close,volume
2017-10-25,122.2100,122.9500,119.1700,120.1400,2729214
2017-10-20,121.1300,122.3600,118.6800,121.8000,5829633
2017-10-13,117.0000,122.3100,116.9000,121.1000,9266702
2017-10-06,111.2200,117.2200,110.4200,117.0600,9297527
2017-09-29,106.7300,113.7300,104.5100,110.8600,15655028
2017-09-22,107.8300,108.3900,105.7900,106.3000,8264164
2017-09-15,107.9000,108.1300,106.3900,107.3000,5382952
2017-09-08,106.8200,107.9800,105.8400,107.1200,5256756
2017-09-01,105.4000,108.0900,104.5475,107.4600,8625573
2017-08-25,100.8400,105.6400,100.4400,105.3300,7760167
2017-08-18,99.3900,101.8200,99.0600,100.4300,7033649
2017-08-11,98.2700,99.1700,95.8800,98.3400,8418078
2017-08-04,98.8600,100.6300,97.1800,98.3600,5747238
2017-07-28,98.9400,101.7300,97.6200,98.5100,5164312
2017-07-21,98.4800,99.5700,97.7500,98.9400,4452770
2017-07-14,96.5900,99.2400,96.3000,98.4200,5642948
2017-07-07,96.2300,96.9800,94.4700,96.5500,4565209
2017-06-30,99.4400,100.5000,95.0500,95.7500,10275272
2017-06-23,88.7500,100.8000,88.7500,99.4200,21601030
2017-06-16,87.8200,90.0000,86.2600,87.8500,7901525
2017-06-09,91.2600,92.4900,87.1100,88.8500,6918237
2017-06-02,88.2900,91.7900,88.1700,91.5400,5636440
2017-05-26,86.3100,89.1100,86.3100,88.5800,5282909
2017-05-19,88.5700,90.0100,84.1600,86.1800,7474952
2017-05-12,88.4600,89.2100,87.8600,88.2500,5236925
2017-05-05,88.2800,89.2200,86.5200,88.6100,6103613
2017-04-28,87.9600,88.5300,87.0500,88.0800,5532060
2017-04-21,86.1900,87.8300,85.5000,87.0200,7159763
2017-04-13,84.8600,86.4100,84.3600,85.9300,5565207
2017-04-07,86.5600,88.0500,84.2100,84.9100,9764169
2017-03-31,82.9000,87.9100,81.9200,86.5000,21140100
2017-03-24,83.7500,84.7700,81.0600,82.9600,9710921
2017-03-17,82.4700,84.6300,81.6500,83.6500,6390413
2017-03-10,81.8600,82.8700,80.9300,82.2100,7518433
2017-03-03,84.6200,85.0100,81.5500,82.0500,10266471
2017-02-24,82.5000,85.0000,82.4700,84.8600,6694798
2017-02-17,79.8200,82.6400,78.6600,82.6000,8193007
2017-02-10,77.9600,80.3600,77.4000,79.2500,8103587
2017-02-03,75.2000,78.4900,73.7600,78.1300,8864472
2017-01-27,74.2000,77.1800,73.7500,75.7000,7820511
2017-01-20,73.3000,74.6000,72.6020,74.2000,6417450
2017-01-13,73.5200,73.7600,71.2000,73.3600,10462062
2017-01-06,70.1200,73.8900,69.3900,73.8000,11662509
2016-12-30,71.0600,71.4490,68.9500,69.7000,8400586
2016-12-23,79.9200,81.0800,68.5400,71.0100,26098196
2016-12-16,78.2000,81.1400,77.7600,79.9500,8209189
2016-12-09,76.6900,79.7400,76.6600,78.6500,4913224
2016-12-02,78.8000,80.4900,73.3500,76.0800,8704651
2016-11-25,79.5200,80.0000,78.1850,78.8100,2929016
2016-11-18,77.3800,79.9600,75.2500,79.0300,5989680
2016-11-11,75.6000,78.2000,74.9000,77.0500,4567803
2016-11-04,77.3300,77.8300,74.4350,74.4500,5937200
2016-10-28,77.4400,78.6400,76.7000,77.1100,3925049
2016-10-21,77.2400,78.3300,76.1500,76.9600,5784109
2016-10-14,78.3800,78.8700,75.7300,77.2000,5701308
2016-10-07,80.5000,80.9000,77.6300,77.8000,7050506
2016-09-30,78.8600,81.1800,78.2300,80.8300,9778661
2016-09-23,74.1600,82.7300,74.1500,79.1300,17411701
2016-09-16,71.8000,74.2200,71.5200,73.8000,8547203
2016-09-09,73.8600,74.1700,72.0000,72.2400,6558509
2016-09-02,74.3800,74.4400,72.2600,73.7500,8671655
2016-08-26,74.0100,75.2460,73.8400,74.3700,5531093
2016-08-19,74.1600,74.3700,72.8800,74.2300,5076572
2016-08-12,75.7200,76.0900,73.4800,74.0000,5559549
2016-08-05,75.2000,75.8400,72.3500,75.8300,6627797
2016-07-29,73.4600,75.3900,73.1000,75.2900,6729823
2016-07-22,72.7100,73.9250,71.9400,73.4700,6262039
2016-07-15,73.0800,74.4500,72.6200,72.8300,8050266
2016-07-08,71.5700,72.9200,70.7300,72.6900,5894004
2016-07-01,72.7600,73.2800,70.0900,71.9900,11017605
2016-06-24,78.0500,81.8100,73.5500,73.6200,15623702
2016-06-17,76.5400,77.7300,75.4700,77.3000,6503831
2016-06-10,78.2100,79.4200,76.6800,76.9200,5189617
2016-06-03,76.6000,78.3200,76.1700,78.2000,5071286
2016-05-27,74.2000,76.9900,74.0500,76.5200,4969403
2016-05-20,72.0600,73.7100,71.8450,73.1700,4383323
2016-05-13,71.7300,73.7750,71.5000,72.0600,4125762
2016-05-06,73.4500,74.5500,70.0700,71.7300,6464133
2016-04-29,74.6400,74.9900,72.3400,73.3700,4932516
2016-04-22,74.1800,76.4850,73.8200,74.8500,7128877
2016-04-15,73.9600,75.7400,71.6000,74.6600,5584485
2016-04-08,75.5400,76.2000,73.3800,73.8000,6245175
2016-04-01,73.5900,75.5900,72.3800,75.5200,6738317
2016-03-24,74.5500,76.1900,71.6800,73.2400,10832761
2016-03-18,71.4600,74.6100,71.1700,74.0900,6051845
2016-03-11,66.9100,72.1300,65.6800,71.8000,9673823
2016-03-04,67.6400,69.2000,65.3500,67.5800,6968532
2016-02-26,66.5300,68.8600,63.6550,67.9800,8351298
2016-02-19,65.2100,67.7100,63.0100,65.9000,7294153
2016-02-12,61.9700,65.6000,59.5900,64.1100,12275559
2016-02-05,69.3800,70.8900,62.9100,63.1400,9645379
2016-01-29,72.2700,72.7600,66.4547,70.0500,11374465
2016-01-22,73.9300,74.5000,68.2200,72.4600,8334453
2016-01-15,79.8000,80.0000,72.7400,73.5700,10015429
2016-01-08,81.6800,82.5300,78.9700,79.1500,8839881
2015-12-31,81.5000,84.4400,81.0300,82.8100,4685171
2015-12-24,82.2300,82.4600,79.1500,81.7400,4886818
2015-12-18,78.5000,83.9900,76.8860,81.4000,17887012
2015-12-11,81.5100,81.7000,78.2000,78.5800,6977038
2015-12-04,82.6700,82.7200,79.8100,81.8900,7482769
2015-11-27,82.1900,82.9450,81.3800,82.5000,3639431
2015-11-20,78.0400,82.3700,77.4700,82.2100,7757267
2015-11-13,81.0100,81.8400,77.4500,77.8300,5183840
2015-11-06,79.1200,83.0000,78.7000,81.0200,7978969
2015-10-30,77.3900,79.7900,76.9900,79.1100,5845658
2015-10-23,77.2500,78.9600,75.7200,77.3900,8670996
2015-10-16,76.3300,78.2799,74.5100,77.6200,6359924
2015-10-09,74.0000,76.6000,72.6600,76.4800,5938406
2015-10-02,72.3300,73.6650,69.8600,73.6200,6890119
2015-09-25,71.6600,74.5000,70.4500,72.9200,11374319
2015-09-18,70.5300,72.3100,69.2000,71.0600,7367788
2015-09-11,69.7900,71.9300,68.8800,70.5300,4853483
2015-09-04,73.1200,73.4700,68.3600,68.6600,8595831
2015-08-28,67.0100,74.3700,67.0100,73.8600,9410546
2015-08-21,77.8000,79.5900,72.3300,72.3300,4782055
2015-08-14,78.3200,79.5200,74.8200,78.3200,4791190
2015-08-07,78.9700,80.7730,76.8300,77.5900,4067930
2015-07-31,78.4100,79.9000,76.6000,79.0800,4725023
2015-07-24,79.3000,80.4700,77.9600,78.9600,4428650
2015-07-17,79.0000,81.0100,78.8400,79.0600,5189212
2015-07-10,76.3200,78.8200,75.5800,78.5400,5451579
2015-07-02,76.7000,77.7500,75.4044,76.8800,5109713
2015-06-26,79.7800,80.3900,77.0400,77.4800,6956092
2015-06-19,77.8400,81.4900,77.3700,79.3000,13190359
2015-06-12,78.2200,79.1400,77.1300,78.1900,6236358
2015-06-05,77.5600,78.2300,76.2600,77.9000,5809934
2015-05-29,78.4400,78.7500,76.8500,77.2700,4701656
2015-05-22,77.4500,79.3500,77.2700,78.8100,4051998
2015-05-15,75.8300,78.4000,75.0700,77.7700,5272053
2015-05-08,75.3300,76.2100,74.2300,75.9800,4972351
2015-05-01,76.8900,77.5500,74.8700,75.3600,5975913
2015-04-24,74.1200,77.0800,73.8300,76.8300,4287178
2015-04-17,75.4800,76.5000,73.3400,73.9300,6000635
2015-04-10,74.8100,76.1100,74.3300,75.7500,4850248
2015-04-02,77.0000,77.8200,74.6500,75.1000,6838777
2015-03-27,69.7900,76.7000,66.8100,76.5200,20604837
2015-03-20,66.2600,69.9700,65.7200,69.5000,6882942
2015-03-13,66.6700,67.1400,65.0000,66.1500,3905398
2015-03-06,69.0000,69.7100,66.4000,66.5800,5415960
2015-02-27,70.2700,70.5500,67.8900,69.1200,5230367
2015-02-20,68.3500,70.5300,67.8600,70.4600,4665798
2015-02-13,64.6100,68.6400,64.5400,68.4700,6702114
2015-02-06,64.0300,65.7950,62.4300,64.9700,5724920
2015-01-30,66.0500,66.5100,63.6800,63.7900,6671599
2015-01-23,65.4200,66.7200,64.0100,66.0600,5002982
2015-01-16,69.0200,69.2500,64.2800,65.1900,9206151
2015-01-09,68.6500,70.2800,66.6700,68.7400,10577045
2015-01-02,70.9400,71.0700,68.3300,68.9900,4863311
2014-12-26,68.1500,71.7700,68.1100,71.0900,6164058
2014-12-19,58.3100,70.1300,58.0000,68.0400,22279763
2014-12-12,61.0700,61.3990,57.8700,57.8700,10739455
2014-12-05,62.0000,62.5400,61.1400,61.6800,6912864
2014-11-28,62.2700,62.7700,61.7600,62.1500,3673311
2014-11-21,62.1400,63.6900,61.8500,62.2500,8597683
2014-11-14,61.3100,62.4700,60.7700,62.3600,7783319
2014-11-07,58.9300,61.3000,58.6600,61.3000,8199855
2014-10-31,55.9000,61.6570,55.6300,58.9200,6722041
2014-10-24,55.2400,57.5000,54.7100,56.0200,8541617
2014-10-17,55.4300,56.5500,52.5300,55.6900,10231977
2014-10-10,58.3200,59.3100,55.4400,55.5000,11437543
2014-10-03,55.0100,59.2300,54.8500,58.1400,14820375
2014-09-26,57.8500,57.9600,55.1600,55.4400,8206901
2014-09-19,60.5700,61.5300,55.6200,57.9300,17439200
2014-09-12,61.1900,61.9800,60.4400,60.5300,4862800
2014-09-05,61.1200,61.8400,60.7500,61.0700,3703000
2014-08-29,62.3800,62.4000,59.8100,60.9200,5363300
2014-08-22,60.2500,62.6900,60.1200,62.1100,6700400
2014-08-15,59.2000,60.3900,58.8500,59.8500,3548500
2014-08-08,58.3600,59.0200,57.8200,58.8100,4240600
2014-08-01,56.4000,58.7250,56.0000,58.6100,8427100
2014-07-25,54.4600,56.7000,54.0700,56.6800,5813700
2014-07-18,55.0300,55.4100,53.8500,54.8600,4834100
2014-07-11,55.9500,56.0700,53.7590,54.7300,6136000
2014-07-03,55.3500,56.6600,54.9300,56.1000,5439600
2014-06-27,54.8800,55.7500,54.3800,55.1600,7374400
2014-06-20,51.7600,57.3500,51.4600,55.0800,18553800
2014-06-13,51.0600,51.9300,50.4100,51.9200,6090300
2014-06-06,50.1900,51.0000,49.5900,50.8500,3874400
2014-05-30,50.8800,51.2900,49.7900,50.1200,4196400
2014-05-23,49.8000,50.7800,49.4100,50.6900,5094400
2014-05-16,48.9800,50.2600,48.7100,50.0200,6824800
2014-05-09,48.2300,49.5600,47.7200,48.7400,6361300
2014-05-02,48.7200,49.7300,47.4500,48.5700,6330500
2014-04-25,50.8500,51.2300,48.1100,48.3700,9052700
2014-04-17,49.7700,50.8200,48.8900,50.5500,7367600
2014-04-11,50.2800,52.1200,49.1600,49.3600,12280900
2014-04-04,52.2500,53.9300,49.8200,50.4600,16111000
2014-03-28,57.5700,58.7300,51.7960,52.2300,15943200
2014-03-21,57.9600,59.3450,57.3800,57.4000,8761000
2014-03-14,60.3600,60.6000,56.8500,57.6200,5491300
2014-03-07,58.1600,61.4500,57.6300,60.5200,5946900
2014-02-28,58.7100,60.0000,58.4300,58.9900,5698600
2014-02-21,58.3200,59.4500,57.7900,58.6900,4758200
2014-02-14,56.8200,58.6500,56.0000,58.3200,6922400
2014-02-07,56.6000,57.1320,54.0501,56.9900,5825800
2014-01-31,56.6900,57.4200,54.9020,56.5000,10564600
2014-01-24,59.0300,60.1900,56.6900,56.7300,6493400
2014-01-17,58.6900,59.9400,57.4000,58.5900,9214600
2014-01-10,56.1800,57.9650,55.9300,56.8100,8739400
2014-01-03,56.2400,56.6100,55.3900,55.7800,4949800
2013-12-27,56.1000,56.9800,55.1600,56.2400,6776800
2013-12-20,47.1000,58.7100,46.7000,56.1000,25171000
2013-12-13,47.0300,47.5500,46.0500,46.7700,8696300
2013-12-06,46.8400,47.1700,45.4500,46.7700,7727000
2013-11-29,47.3000,47.3350,46.5000,46.8500,3070100
2013-11-22,47.1000,47.3401,46.1000,47.1100,7964200
2013-11-15,43.3500,47.6600,43.2500,47.1000,15168000
2013-11-08,43.2900,44.4900,42.4200,43.3200,7404300
2013-11-01,43.3600,44.4900,42.9200,43.2300,6569500
2013-10-25,43.3100,44.0370,42.1400,43.4000,10944900
2013-10-18,42.6200,43.7500,41.8900,43.2900,13726400
2013-10-11,44.6100,45.7100,42.3500,42.8200,14180100
2013-10-04,45.5500,46.4500,44.3100,45.0500,11417900
2013-09-27,53.3000,53.4100,45.8500,45.9500,25298400
2013-09-20,52.9900,54.3800,52.4200,53.2200,5331800
2013-09-13,51.2600,53.9100,51.1000,52.4300,5005500
2013-09-06,51.0000,51.4700,50.2660,51.0600,2714400
2013-08-30,51.5200,52.2300,50.0200,50.5200,3786900
2013-08-23,51.4900,52.3900,50.9200,51.5700,5438000
2013-08-16,52.1000,53.7200,51.2800,51.5100,6341300
2013-08-09,52.3100,52.8700,50.5600,52.4600,4720700
2013-08-02,50.5500,52.8000,50.3000,52.4400,6276200
2013-07-26,49.0700,51.7800,48.7600,50.8300,7148100
2013-07-19,50.2400,50.9200,49.1400,49.3800,5464700
2013-07-12,48.5000,50.8950,47.7400,50.2600,6366100
2013-07-05,48.0400,48.3800,47.0350,48.3400,3760500
2013-06-28,45.8800,48.8200,44.9500,47.8200,12556900
2013-06-21,45.8300,48.1500,45.3300,46.4500,16217400
2013-06-14,46.2600,46.8500,45.0800,45.8100,11306100
2013-06-07,48.2900,48.2900,44.9150,46.2400,15277400
2013-05-31,49.4000,49.4600,47.3500,48.2300,10190100
2013-05-24,54.4700,54.6999,48.2500,48.4900,14811700
2013-05-17,51.9000,55.5900,51.3800,54.9900,12676800
2013-05-10,49.8000,51.9200,49.5000,51.9000,8365400
2013-05-03,48.7800,49.7300,47.5901,49.6500,7453300
2013-04-26,49.2800,49.5900,48.1000,48.5300,6694700
2013-04-19,50.2000,51.3500,48.5500,49.2500,11259500
2013-04-12,47.4600,50.5600,47.1300,50.5500,13931400
2013-04-05,50.6600,50.6600,46.7500,47.4700,12578500
2013-03-28,49.8900,50.6300,47.5000,50.5600,26668500
2013-03-22,49.7500,51.2700,49.4800,50.8000,10925500
2013-03-15,52.8900,53.5420,49.9999,50.4400,14651300
2013-03-08,51.3000,53.6500,51.1225,53.0000,10198500
2013-03-01,51.5100,51.8600,49.1000,51.5800,16891300
2013-02-22,54.0100,54.6800,51.0000,51.2400,10390300
2013-02-15,54.9500,55.4100,53.8100,53.9300,10131300
2013-02-08,56.4300,56.8890,54.2100,54.9600,7642700
2013-02-01,56.3400,57.1000,53.9300,56.9000,8782400
2013-01-25,54.0500,56.7400,52.5300,56.0500,6765000
2013-01-18,54.2300,55.7100,53.7600,54.1500,6376700
2013-01-11,53.8100,55.3000,53.3700,54.4500,6824700
2013-01-04,51.9700,55.0600,51.6610,54.2500,6862900
2012-12-28,54.7000,54.7700,51.8700,51.9800,5274500
2012-12-21,50.2700,55.4200,49.9900,54.9900,12891300
2012-12-14,49.2400,51.4400,49.2400,50.2200,6788500
2012-12-07,49.7900,50.0300,46.3400,49.1600,10154300
2012-11-30,49.4500,50.1700,47.8000,49.4000,7428700
2012-11-23,49.0100,50.0000,47.7700,49.7400,4795600
2012-11-16,48.5000,48.6100,46.7610,48.4500,8291600
2012-11-09,50.4400,50.6000,48.1450,48.3400,8203200
2012-11-02,49.5100,51.4810,48.5200,50.6400,6305200
2012-10-26,50.8600,52.8000,49.4400,50.2700,10756200
2012-10-19,53.9500,54.9600,50.5000,50.7300,11768000
2012-10-12,54.8700,55.5200,52.9300,53.6900,7091600
2012-10-05,57.1700,57.3000,54.4200,55.2100,8272600
2012-09-28,57.8100,57.8100,53.6700,56.9400,15249800
2012-09-21,59.0400,59.3900,56.5600,57.6400,12363500
2012-09-14,58.7500,60.0000,56.8200,60.0000,10705400
2012-09-07,56.1200,59.7000,55.6800,59.1500,6666400
2012-08-31,58.0500,58.1300,55.4000,56.0400,7203800
2012-08-24,59.1900,59.3700,56.7500,57.7700,7724000
2012-08-17,56.9900,59.4900,55.0300,59.4200,10106200
2012-08-10,55.6200,58.7450,55.3100,57.0400,8605300
2012-08-03,55.6300,55.8100,51.9500,55.5000,6828700
2012-07-27,52.5800,56.6000,51.0800,55.8100,8431200
2012-07-20,52.1700,55.7500,50.8100,53.7200,10187200
2012-07-13,53.0400,53.5100,49.5120,52.4800,12494300
2012-07-06,56.4000,57.1000,52.3800,52.9400,6641300
2012-06-29,54.0700,56.5200,51.8700,56.4800,12017400
2012-06-22,55.8900,58.6400,51.0200,55.0100,26164800
2012-06-15,56.0400,56.8000,52.5100,56.4900,10226100
2012-06-08,49.5600,56.0700,49.4500,55.7600,11814300
2012-06-01,53.1000,53.3500,49.8600,49.9000,8901200
2012-05-25,53.4800,56.9480,51.7000,52.0900,12924000
2012-05-18,56.0100,58.1290,52.7500,53.5300,9420400
2012-05-11,58.0700,59.0000,55.8400,56.6700,10390600
2012-05-04,60.5900,62.4100,58.1200,58.7000,9291800
2012-04-27,59.7200,61.0280,57.0000,60.9100,10093700
2012-04-20,60.2900,62.7500,59.2000,60.5500,10428200
2012-04-13,59.9000,61.3600,58.1600,60.2000,10457100
2012-04-05,59.6700,62.2400,58.8600,60.9500,11343200
2012-03-30,52.5100,61.7100,51.2200,59.8900,29813700
2012-03-23,50.5600,52.5700,50.0000,51.8700,6208800
2012-03-16,50.5800,51.5100,49.3500,50.6400,8490300
2012-03-09,50.1100,51.1500,48.2500,50.5700,6552400
2012-03-02,49.4900,50.8500,48.8600,50.2300,5530700
2012-02-24,48.7100,50.6100,47.8220,50.0100,4819900
2012-02-17,48.4500,49.4500,47.9800,48.6100,5709500
2012-02-10,48.5800,48.8300,47.4500,47.9700,5854900
2012-02-03,47.1400,49.0000,46.1300,48.9500,8813100
2012-01-27,46.2900,48.4900,46.1700,47.5000,9775400
2012-01-20,42.9400,47.2000,42.8000,46.2400,9584100
2012-01-13,43.1900,43.2900,42.0300,42.4300,7237800
2012-01-06,42.1700,43.5000,41.3000,43.0400,9678800
2011-12-30,41.6000,41.8500,40.8200,41.2900,6302500
2011-12-23,48.2500,48.2500,39.1900,41.5900,35549200
2011-12-16,49.2900,49.5500,44.9700,47.6400,13152500
2011-12-09,51.2100,52.9500,48.7200,49.7000,12479400
2011-12-02,46.2400,51.3500,46.2100,50.2200,8676200
2011-11-25,48.0900,48.2100,44.8900,44.9300,7127900
2011-11-18,49.8100,53.4200,48.9900,49.0400,10235800
2011-11-11,50.4200,50.8800,47.9800,50.0500,6950300
2011-11-04,50.8700,51.2000,47.2300,50.5900,9826100
2011-10-28,46.3000,52.0000,46.0000,51.8600,12144500
2011-10-21,46.9600,47.2700,44.3300,46.2900,10846500
2011-10-14,43.6600,47.6900,43.2900,47.4400,11596900
2011-10-07,42.2300,43.5100,37.8500,42.8800,18899900
2011-09-30,42.7200,45.0700,41.5200,42.2600,19324800
2011-09-23,40.4500,42.5600,39.7700,42.3200,20938200
2011-09-16,36.8600,41.5600,36.6100,41.2100,11341500
2011-09-09,35.9200,39.1000,35.6500,37.2300,7523100
2011-09-02,36.3500,39.9900,36.2200,37.2700,12310200
2011-08-26,32.7700,36.0800,32.1700,35.9000,16322700
2011-08-19,37.7300,38.6400,31.7700,31.8700,19221600
2011-08-12,36.6200,38.1800,34.0300,37.4200,22487900
2011-08-05,42.5900,42.8100,36.6700,37.7500,17809100
2011-07-29,44.0000,44.6500,41.5400,42.0800,9707400
2011-07-22,43.2500,44.9150,42.2300,44.5500,11727500
2011-07-15,45.8600,46.1900,42.2910,43.3000,12411400
2011-07-08,46.2900,47.1000,45.7900,46.5100,5510600
2011-07-01,44.8000,46.4700,44.6900,46.4000,10129300
2011-06-24,41.1300,46.4800,41.0000,45.0300,21630400
2011-06-17,41.4900,42.6000,40.2700,41.2000,9707800
2011-06-10,42.7700,42.9800,41.4400,41.4900,8725000
2011-06-03,43.6800,44.0800,42.0200,42.1200,8593900
2011-05-27,44.9200,44.9200,42.5000,43.3500,9119500
2011-05-20,46.6400,46.6900,44.5700,45.7400,6782100
2011-05-13,45.9600,47.7900,45.5750,46.8700,6763900
2011-05-06,47.6600,47.7100,44.5900,45.7900,11966300
2011-04-29,47.5200,47.7300,45.7300,47.4700,6147700
2011-04-21,45.2800,48.3792,44.3400,47.5900,8740400
2011-04-15,45.1000,46.0400,44.2100,45.9200,9620100
2011-04-08,46.3100,47.2050,44.5900,45.2000,11696700
2011-04-01,46.4100,47.2600,45.1750,46.3100,13337800
2011-03-25,39.6100,47.8800,38.7500,46.3400,28845900
2011-03-18,40.5900,41.1700,38.4700,39.1100,10405500
2011-03-11,41.3100,41.6000,39.8095,41.0600,7476000
2011-03-04,41.5000,41.9800,40.1200,40.9600,7963400
2011-02-25,44.7500,44.8100,39.4200,41.3400,15175300
2011-02-18,44.7700,45.8900,44.7000,45.4300,6565600
2011-02-11,43.5900,45.3600,43.4900,44.8800,8680300
2011-02-04,41.1000,43.7300,40.9200,43.5700,12790800
2011-01-28,42.7200,43.0000,39.8350,41.0600,19074500
2011-01-21,45.6500,46.4600,42.6000,42.7600,8010000
2011-01-14,45.3400,46.7600,44.8400,45.8600,6060500
2011-01-07,46.0600,46.8900,45.0800,45.7100,7493100
2010-12-31,46.4700,46.7600,45.5000,45.6500,4833000
2010-12-23,48.4400,48.4800,45.2700,46.5100,13881900
2010-12-17,48.4200,48.7800,47.0510,47.8300,12475900
2010-12-10,47.2700,49.0000,46.7100,48.2700,10174400
2010-12-03,43.0900,47.6400,42.2500,47.4500,12656600
2010-11-26,41.9600,43.6800,41.6900,43.3200,7199900
2010-11-19,42.1700,42.9200,40.4700,41.8700,9580500
2010-11-12,42.9700,43.7900,41.8000,41.9600,8866000
2010-11-05,42.4000,43.5900,42.1200,43.1000,8103500
2010-10-29,40.7200,42.7300,40.1700,42.2600,12274000
2010-10-22,40.0300,40.6800,38.0000,40.6600,13287600
2010-10-15,38.6600,40.5100,37.8800,40.4000,13165900
2010-10-08,41.0400,41.6050,37.3300,38.6700,23276500
2010-10-01,41.2000,41.7100,40.1600,41.2700,15388100
2010-09-24,38.4500,41.7450,36.6600,41.2600,30444500
2010-09-17,37.9100,39.0800,36.9500,38.3400,19040900
2010-09-10,36.5900,37.6100,36.4900,37.4100,7401800
2010-09-03,35.0400,37.3600,34.2200,36.9800,12627500
2010-08-27,32.6900,35.2700,31.8800,35.1600,20707200
2010-08-20,30.6800,32.7200,30.2900,32.5400,12933600
2010-08-13,33.6300,33.8100,30.6200,30.9300,11741000
2010-08-06,32.4900,33.9900,31.8800,33.4500,13554800
2010-07-30,33.1700,33.6400,31.2700,32.1500,16231800
2010-07-23,31.7500,33.2100,31.0600,33.2100,15776100
2010-07-16,30.4200,32.6000,30.3700,31.5800,15273500
2010-07-09,29.4100,30.9900,29.1900,30.6400,10312300
2010-07-02,31.1000,31.3400,28.2000,28.9100,13275900
2010-06-25,32.2500,32.5200,30.4850,31.0700,16817300
2010-06-18,31.4500,32.4500,31.1700,31.9200,14616600
2010-06-11,28.8000,31.3700,27.8200,31.3500,16349400
2010-06-04,28.8400,30.1800,28.3000,28.6200,14028400
2010-05-28,29.1800,30.3400,28.0200,29.3100,11780300
2010-05-21,30.4500,30.8800,27.5800,29.2200,15238200
2010-05-14,28.7400,31.1700,28.5000,30.4000,15957800
2010-05-07,30.0600,30.7000,26.6900,27.4900,13030300
2010-04-30,31.4800,31.7000,29.8200,29.8700,9086300
2010-04-23,30.8900,31.4700,30.2500,31.4600,9935000
2010-04-16,30.7700,32.1900,30.5700,31.1000,15882700
2010-04-09,29.9400,30.8400,29.9400,30.8100,14180000
2010-04-01,28.5000,30.0000,27.9000,29.9400,19655300
2010-03-26,29.9500,31.1400,28.2000,28.3900,33449200
2010-03-19,30.6500,30.9250,29.8000,29.9700,10866600
2010-03-12,30.1500,30.9000,29.7600,30.7600,9273400
2010-03-05,28.1600,30.7200,28.0100,30.2700,9988200
2010-02-26,29.2800,29.2800,27.3600,28.0500,8428900
2010-02-19,28.1400,29.5600,28.1100,29.1200,6096800
2010-02-12,27.2000,28.1000,26.9900,27.8600,7804300
2010-02-05,27.2100,28.7500,26.5100,27.2400,11741600
2010-01-29,27.9400,28.7400,26.9400,27.2200,11817300
2010-01-22,28.9300,29.9400,27.6300,27.7300,9875400
2010-01-15,30.1500,30.2400,28.5600,29.0800,12580700
2010-01-08,31.2300,31.5000,29.9200,30.1400,11006200
2009-12-31,31.3300,31.4000,30.6100,30.9000,5843100
2009-12-24,29.5000,31.7600,29.2900,31.3600,11164900
2009-12-18,28.4800,29.6800,28.3300,29.2700,12587000
2009-12-11,27.9900,28.4400,26.9800,28.2200,8211300
2009-12-04,26.7900,28.2700,25.9200,27.9100,8553300
2009-11-27,27.3000,27.8520,26.6500,26.8000,5122100
2009-11-20,28.3900,28.8700,26.8700,27.0900,7558100
2009-11-13,27.0600,28.2800,26.8500,28.1800,10050500
2009-11-06,25.8000,27.8500,25.4500,27.5900,9617800
2009-10-30,27.8100,28.6000,25.7800,25.8100,10112700
2009-10-23,28.6100,28.8700,27.2200,27.4900,10316800
2009-10-16,28.2700,28.9400,27.5300,28.6300,11413100
2009-10-09,26.9500,28.2100,26.7000,28.1600,11287700
2009-10-02,27.7500,28.3800,26.5200,26.7300,21033900
2009-09-25,25.7400,28.6800,24.7800,27.8000,23778800
2009-09-18,25.1000,26.0600,24.7300,25.8400,10033400
2009-09-11,24.3000,25.6500,24.2600,25.3900,11188900
2009-09-04,22.7000,23.8900,22.1900,23.6300,11864500
2009-08-28,22.3500,23.2500,22.0500,22.9000,6493400
2009-08-21,21.1400,22.5500,20.5800,22.2800,8008200
2009-08-14,21.7900,22.5000,21.5100,21.6200,8093300
2009-08-07,22.7700,22.7900,21.7200,21.8400,11128200
2009-07-31,22.9100,23.0000,22.1800,22.8300,15374800
2009-07-24,21.9800,23.7200,21.8000,23.0000,66294500
2009-07-17,19.1100,20.9800,18.7900,20.6000,8274000
2009-07-10,20.1500,20.2100,18.6900,19.2000,8726900
2009-07-02,20.0600,20.8600,19.6600,20.3100,10547200
2009-06-26,19.7900,20.2500,18.1100,19.8700,20356400
2009-06-19,20.5800,21.0900,19.6000,19.9900,11973500
2009-06-12,19.8000,20.9900,19.3100,20.7900,8966500
2009-06-05,20.1100,20.9900,19.6300,19.9200,13012500
2009-05-29,19.2500,20.3900,19.0100,19.9500,15524300
2009-05-22,20.0400,20.0400,18.6100,19.4100,16038700
2009-05-15,17.3200,20.1000,17.1000,19.8600,15040600
2009-05-08,18.0000,18.3000,17.2800,17.6000,9901100
2009-05-01,17.9800,18.2500,16.6500,17.1200,11571200
2009-04-24,17.8800,18.9000,17.0600,18.1600,15474400
2009-04-17,18.9900,19.1600,17.5400,18.3200,8875600
2009-04-09,18.4700,19.0200,17.7800,19.0000,8422400
2009-04-03,16.9000,18.7800,16.4700,18.6200,22371900
2009-03-27,15.2900,17.8000,14.4300,16.9900,34606700
2009-03-20,15.1200,15.9900,14.7400,14.8900,8255000
2009-03-13,13.2800,15.5700,13.1000,15.0700,10820700
2009-03-06,13.5000,14.6300,12.9800,13.4300,13279100
2009-02-27,14.3100,14.6900,13.3500,13.6900,12950900
2009-02-20,15.0500,15.0500,13.7200,14.3300,9854900
2009-02-13,16.0400,16.4500,14.6900,15.2900,11988800
2009-02-06,14.2600,16.3000,14.2000,16.1900,12717500
2009-01-30,14.2950,15.6390,14.2950,14.6500,11333500
2009-01-23,14.7800,14.7800,13.4100,14.2800,10185500
2009-01-16,15.3000,15.9700,13.9000,14.8200,18014300
2009-01-09,13.9700,16.1300,13.7200,15.4600,12615900
2009-01-02,13.2100,14.0700,12.7500,13.9900,7052100
2008-12-26,12.4900,13.9900,11.6200,13.1300,10110800
2008-12-19,11.5500,12.7800,10.9500,12.3700,10052000
2008-12-12,12.2300,13.0000,10.9800,11.6500,9388200
2008-12-05,8.9900,12.2400,8.3000,12.1800,20921600
2008-11-28,8.7400,10.9800,8.4500,9.2500,14481900
2008-11-21,10.5400,11.0000,7.5000,8.5600,18791000
2008-11-14,12.9400,13.0000,10.0000,10.4900,11176400
2008-11-07,13.4100,14.2900,12.3300,12.8200,7113600
2008-10-31,11.4500,13.5500,10.5700,13.3100,8885500
2008-10-24,13.0400,14.2300,10.7200,11.3700,7893900
2008-10-17,13.2100,15.4300,11.3400,12.9700,13550800
2008-10-10,14.4900,15.0000,12.4100,12.8000,17483800
2008-10-03,16.1700,16.1700,14.6500,14.6500,16188000
2008-09-26,18.5500,18.5700,15.4900,16.4100,19887100
2008-09-19,17.9900,21.6200,17.2000,18.5500,18437800
2008-09-12,19.5700,19.5700,18.2500,18.4200,13715300
2008-09-05,21.1000,21.2000,18.9000,19.0100,9791200
2008-08-29,21.5400,21.8200,20.6100,21.0000,7142000
2008-08-22,22.7550,22.7800,21.4200,21.7200,8308300
2008-08-15,22.9500,23.3800,22.6800,22.7500,9479900
2008-08-08,21.3400,23.0000,20.9600,22.8800,9932800
2008-08-01,20.8000,21.8300,20.6000,21.2300,6463100
2008-07-25,21.2300,21.6600,20.5200,21.0600,6488500
2008-07-18,19.6100,21.3400,19.0000,21.1900,10551000
2008-07-11,21.0400,21.2200,19.4300,19.7200,11295100
2008-07-03,21.1800,21.7400,20.0300,21.0400,13052600
2008-06-27,22.5200,22.6400,20.8500,21.1700,20948900
2008-06-20,22.0800,23.0100,21.9200,22.2400,9602300
2008-06-13,22.7000,23.2400,22.0000,22.2500,15042700
2008-06-06,24.3900,24.8400,22.6700,22.7600,20046400
2008-05-30,23.5700,24.4200,23.3900,24.3600,10710000
2008-05-23,22.8400,23.6700,22.7500,23.5000,15171000
2008-05-16,21.8800,23.0600,21.6500,22.6300,7924600
2008-05-09,21.2000,22.3900,21.2000,21.8600,11400800
2008-05-02,20.5900,21.5000,20.4100,21.2100,7394700
2008-04-25,19.6800,20.8000,19.1400,20.6100,7535900
2008-04-18,19.4000,20.0000,18.7600,19.6900,7397000
2008-04-11,20.2700,20.5900,19.1500,19.3400,8846200
2008-04-04,18.3400,20.7600,17.9700,20.3200,15460100
2008-03-28,17.0400,18.9300,17.0000,18.4900,17988900
2008-03-20,16.7700,17.2800,16.5300,17.0600,16143900
2008-03-14,17.2400,17.9600,16.8900,17.0500,13727500
2008-03-07,17.7900,17.9000,17.0900,17.3200,7956900
2008-02-29,18.2200,18.5400,17.6000,17.8300,7161200
2008-02-22,18.2100,18.6200,17.8600,18.2400,8465400
2008-02-15,18.1750,18.7900,17.8900,18.1200,7196000
2008-02-08,19.1400,19.5000,17.9700,18.2000,8985200
2008-02-01,17.6700,19.3500,17.4900,19.1400,13904300
2008-01-25,17.5400,18.5000,16.8200,17.9500,15033900
2008-01-18,19.6600,20.0000,17.9700,18.1700,16945500
2008-01-11,20.4500,20.5400,19.5200,19.6500,15135300
2008-01-04,21.0000,21.2100,20.2500,20.3400,8668900
2007-12-28,20.8700,21.3200,20.6600,21.1200,5612800
2007-12-21,18.7300,20.9500,18.0400,20.7100,20298500
2007-12-14,19.2800,19.7800,18.6900,18.8500,9081200
2007-12-07,20.0600,20.2400,19.6100,20.0100,5822000
2007-11-30,18.7000,20.4600,18.4900,20.0200,9262900
2007-11-23,19.1400,19.5000,18.2000,18.6200,5860300
2007-11-16,19.7000,21.0000,19.2300,19.4700,9221500
2007-11-09,21.5000,22.6700,20.2100,20.2300,11047600
2007-11-02,21.1300,21.7400,20.7700,21.5000,6869900
2007-10-26,20.5400,21.2100,20.5200,21.1600,7901600
2007-10-19,21.2300,21.3000,20.6400,20.8200,7815100
2007-10-12,20.6500,21.6700,20.4200,21.3900,12040000
2007-10-05,19.6700,20.6000,19.0900,20.5700,15515600
2007-09-28,19.3700,20.3900,18.6500,19.8700,26956400
2007-09-21,19.0000,20.4600,18.3100,19.7700,11628500
2007-09-14,19.6700,19.6800,18.7600,19.0800,7644400
2007-09-07,19.4900,19.9600,19.2100,19.4100,7300100
2007-08-31,19.5900,19.7700,18.5000,19.4500,13368800
2007-08-24,20.5600,20.5600,19.0800,19.6900,11938800
2007-08-17,22.1900,22.1900,19.9000,20.3800,10471700
2007-08-10,19.9000,23.8200,19.7200,21.9800,14512600
2007-08-03,21.6600,21.6600,19.8200,19.9900,12556900
2007-07-27,22.0800,22.4300,21.3000,21.5000,10782000
2007-07-20,21.8600,22.2000,21.1100,22.1800,9599700
2007-07-13,21.3900,21.7200,20.8700,21.3800,11197700
2007-07-06,22.0000,22.0700,21.3100,21.4800,6575900
2007-06-29,23.7800,24.5000,22.0000,22.2800,18438400
2007-06-22,23.2400,24.3700,23.0500,23.8600,7800500
2007-06-15,23.8500,24.3900,22.7900,23.2800,9775000
2007-06-08,24.5800,24.7900,23.5300,23.7400,11721800
2007-06-01,22.0500,25.2500,22.0500,24.5700,17260100
2007-05-25,22.5800,23.5000,21.7100,21.9100,11179000
2007-05-18,22.6500,22.9300,21.7100,22.5700,9016900
2007-05-11,21.4800,22.8300,21.4300,22.7500,10502300
2007-05-04,21.7400,21.9400,20.4500,21.6000,10209300
2007-04-27,22.2300,22.3499,21.5500,21.8000,7099300
2007-04-20,22.3400,23.0000,22.0100,22.1700,9438400
2007-04-13,22.1000,22.5000,21.3400,22.3500,12283700
2007-04-05,22.9300,22.9300,21.9500,22.0000,7712500
2007-03-30,24.2200,24.3700,22.0800,22.9300,16082600
2007-03-23,22.7800,24.4800,22.5300,24.2400,8287400
2007-03-16,22.6800,23.1500,21.9900,22.6400,7589800
2007-03-09,21.2500,22.7700,21.2200,22.6700,9760500
2007-03-02,24.0700,24.5000,21.3000,22.0100,9751400
2007-02-23,24.0000,24.7100,23.0000,23.6000,5939700
2007-02-16,24.0000,25.1500,23.5500,24.0000,14073700
2007-02-09,22.7500,24.3400,22.4800,24.0000,15216800
2007-02-02,22.3400,22.9500,21.9300,22.6800,10346400
2007-01-26,21.6900,22.3900,21.5400,22.2400,10323000
2007-01-19,21.9600,22.5900,20.7100,21.6900,12155200
2007-01-12,22.2300,22.6500,21.8802,22.1600,12571500
2007-01-05,22.9100,23.1000,21.6100,22.2400,8659100
2006-12-29,22.4500,23.2000,22.2900,23.0000,15269000
2006-12-22,17.6700,22.5000,17.2500,22.4600,37712300
2006-12-15,16.5300,17.6200,15.5300,17.6200,24620900
2006-12-08,17.2500,17.4500,16.2000,16.5100,19341700
2006-12-01,17.5000,17.6200,16.5900,17.1800,25076400
2006-11-24,16.6900,17.9000,16.3600,17.4800,20460100
2006-11-17,17.8300,17.8900,16.3500,16.6700,42031700
2006-11-10,16.5500,17.9200,16.2900,17.8500,32346800
2006-11-03,15.7100,16.8200,15.5300,16.6700,65588000
2006-10-27,18.7200,19.5300,13.7000,15.6300,192479600
2006-10-20,19.8500,20.0500,18.1300,18.2700,34881200
2006-10-13,21.7000,22.0600,19.7100,19.9000,40768300
2006-10-06,21.1500,22.4300,20.4100,21.7800,28391200
2006-09-29,25.2700,26.4000,19.8200,21.0800,95598200
2006-09-22,23.6300,25.4000,23.6100,25.0300,16601700
2006-09-15,22.3600,24.0700,21.9000,23.4700,22186900
2006-09-08,24.1400,24.9300,22.1200,22.5500,16583000
2006-09-01,24.9000,25.1000,23.1500,24.1900,18129300
2006-08-25,25.3800,25.6800,24.5500,25.4600,12426000
2006-08-18,22.7000,25.8700,22.2200,25.4600,31526200
2006-08-11,22.6900,22.9600,21.7400,22.4700,18689000
2006-08-04,24.0000,24.0100,22.1900,22.7800,20451500
2006-07-28,23.3700,24.8900,23.3400,24.1300,14078800
2006-07-21,23.3000,24.3000,22.7700,23.3700,16332500
2006-07-14,21.8800,23.5900,21.1700,23.3600,30127900
2006-07-07,23.3900,23.3900,21.2400,21.7900,15063900
2006-06-30,26.7000,26.7000,21.8800,23.4000,41556000
2006-06-23,25.9300,26.9200,24.8600,26.6700,13327700
2006-06-16,27.1000,27.1000,24.4700,25.9300,19689400
2006-06-09,28.3100,28.5500,25.6000,26.9200,16753800
2006-06-02,26.3200,29.1800,26.0600,28.3900,16235200
2006-05-26,27.7700,27.7700,25.2400,26.4700,13941500
2006-05-19,29.3000,29.8100,26.8400,27.9400,14583200
2006-05-12,31.4000,32.4800,29.3700,29.5200,13672200
2006-05-05,29.5500,32.0900,28.8200,31.3500,15587400
2006-04-28,29.2100,31.0000,28.8500,29.3900,12825200
2006-04-21,28.8200,30.3000,27.9200,29.2600,22802300
2006-04-13,27.3300,31.0300,27.2900,30.5500,23539900
2006-04-07,27.9800,28.2000,27.2100,27.4300,13922500
2006-03-31,28.5000,29.4800,27.5300,27.9800,25790500
2006-03-24,29.6500,29.7700,28.3000,28.5900,14681300
2006-03-17,27.2600,29.3100,26.9500,29.3100,12649600
2006-03-10,29.0000,29.0700,26.4800,27.3300,10252100
2006-03-03,26.4100,29.2800,26.1500,29.0100,16168400
2006-02-24,25.0000,26.8200,24.7800,26.4300,11936300
2006-02-17,26.1500,27.0900,24.9200,25.0900,17140800
2006-02-10,28.5400,28.6800,26.0600,26.5000,17551000
2006-02-03,28.1400,29.7100,27.4900,28.3200,17953600
2006-01-27,28.7400,29.0300,26.5100,28.2600,23056700
2006-01-20,28.2500,30.1100,28.1400,28.5900,15729800
2006-01-13,30.2600,31.0500,28.4300,28.8400,30095800
2006-01-06,27.1500,30.0800,27.1200,30.0800,19799000
2005-12-30,28.0000,28.6500,27.2200,27.2600,12545800
2005-12-23,26.1100,28.2900,25.5000,27.9800,32918500
2005-12-16,25.0000,26.3200,24.0400,26.3000,24444500
2005-12-09,25.1100,25.9600,24.6800,24.6900,12626700
2005-12-02,23.7900,25.6600,22.8100,25.1600,12093300
2005-11-25,22.8500,24.0400,22.5500,23.7300,5609400
2005-11-18,24.4600,24.6500,22.1200,22.9400,16177400
2005-11-11,24.9500,25.0000,23.4400,24.4900,11905800
2005-11-04,22.1800,24.9000,22.0900,24.6700,22194100
2005-10-28,21.5600,22.2900,21.3400,22.1500,14302800
2005-10-21,20.6600,22.0000,20.5300,21.5000,18247100
2005-10-14,20.6200,21.2000,19.5900,20.7400,20547000
2005-10-07,21.1000,21.2200,20.1200,20.6300,25330000
2005-09-30,16.3800,22.4600,16.2900,21.1900,71609400
2005-09-23,16.4500,17.1500,15.9100,16.2300,17232900
2005-09-16,15.3600,16.5600,15.2600,16.1700,14769800
2005-09-09,14.3500,15.8000,14.2800,15.3300,8345800
2005-09-02,13.6900,14.3600,13.6900,14.2000,5661800
2005-08-26,14.0000,14.2000,13.5000,13.8800,7428800
2005-08-19,14.0600,14.6900,13.9500,14.0000,12055400
2005-08-12,14.7000,14.8800,13.9900,14.1300,9360000
2005-08-05,15.1700,15.9200,14.5800,14.7100,12157300
2005-07-29,15.5700,15.6300,14.8300,15.2400,9888000
2005-07-22,15.2200,15.8600,15.2100,15.6000,13131500
2005-07-15,14.9800,15.6300,14.9700,15.3500,17485600
2005-07-08,14.2800,14.9600,14.0000,14.9400,18871000
2005-07-01,12.3900,14.4400,12.1400,14.3100,38033600
2005-06-24,12.6900,13.0500,12.3000,12.4300,10245200
2005-06-17,12.5000,13.1500,12.2600,12.7700,16341400
2005-06-10,12.5100,12.6700,11.8500,12.4600,16287200
2005-06-03,12.7400,13.0400,12.3000,12.5100,19145200
2005-05-27,13.4100,13.4600,12.9200,13.0000,15890600
2005-05-20,12.4000,13.5000,12.2700,13.3900,25011700
2005-05-13,11.0900,12.5000,11.0800,12.3500,31966900
2005-05-06,10.8700,11.1200,10.7000,11.0300,10396000
2005-04-29,11.2400,11.3500,10.5600,10.7500,12278300
2005-04-22,10.4500,11.2300,10.4500,11.1000,15826300
2005-04-15,11.3000,11.4400,10.4200,10.5500,15506800
2005-04-08,12.0600,12.1400,10.8400,11.1900,28261100
2005-04-01,10.7000,12.4800,10.6100,12.1600,49843400
2005-03-24,10.4800,10.7800,10.4100,10.6300,10689000
2005-03-18,10.7200,10.9200,10.3700,10.4600,11808500
2005-03-11,11.0400,11.5000,10.5000,10.7200,17150700
2005-03-04,11.3700,11.6700,10.5000,11.0500,22524400
2005-02-25,11.4500,11.5000,10.9500,11.3700,18769900
2005-02-18,12.6100,12.7800,11.5500,11.6000,26567300
2005-02-11,11.9900,12.8500,11.8800,12.5600,24241500
2005-02-04,10.8600,11.8500,10.7000,11.7600,24712200
2005-01-28,11.0000,11.3000,10.4000,10.4900,22036200
2005-01-21,11.8100,12.0500,10.8000,10.9700,22138600
2005-01-14,12.2500,12.4800,11.7600,11.8300,21159600
2005-01-07,13.4100,13.4500,12.1200,12.1500,28206600
2004-12-31,13.3100,13.4800,12.5500,13.3500,34916900
2004-12-23,15.4700,15.7500,13.0000,13.0300,50983900
2004-12-17,15.9300,16.5000,15.4100,15.5400,19474500
2004-12-10,15.5700,16.6500,15.2000,15.8500,40115300
2004-12-03,13.5100,15.9000,12.5400,15.1900,51637600
2004-11-26,12.6200,13.5500,12.3200,13.3300,13824900
2004-11-19,12.5300,13.5000,12.2000,12.7500,34449800
2004-11-12,12.3100,12.4900,11.2100,11.5800,27189500
2004-11-05,12.9000,12.9100,11.8900,12.2400,29000800
2004-10-29,13.1400,13.9400,12.7100,12.8400,21448500
2004-10-22,13.3500,13.9900,12.7800,13.2900,13407500
2004-10-15,13.2500,13.9100,12.9200,13.3100,13185300
2004-10-08,14.1000,14.6000,13.2100,13.2600,22374400
2004-10-01,12.4500,13.7900,11.9600,13.7500,44656700
2004-09-24,15.1900,15.5500,12.4000,12.6200,54127900
2004-09-17,14.8500,15.4500,14.5700,15.2300,21352900
2004-09-10,13.3800,14.4000,12.9600,14.2900,13690400
2004-09-03,13.1500,13.6800,11.8600,12.9400,27031300
2004-08-27,13.0000,13.4600,12.4300,13.2000,24093500
2004-08-20,13.9500,14.6900,12.3100,12.4500,32642400
2004-08-13,15.3200,15.6400,13.8600,14.0400,21756000
2004-08-06,17.0100,17.7500,15.2100,15.3000,26943700
2004-07-30,16.2200,17.6100,15.3700,17.1200,19136700
2004-07-23,15.1800,16.6600,13.8100,16.0100,40409600
2004-07-16,20.3400,21.1000,14.7700,15.1500,94883800
2004-07-09,21.5200,22.1000,20.3500,20.4900,15169800
2004-07-02,22.4300,23.1000,22.0100,22.1800,18878200
2004-06-25,20.3100,22.6400,20.0000,22.2300,30800900
2004-06-18,25.3400,25.3500,19.8400,20.1000,96000800
2004-06-10,28.3000,28.7500,25.3500,25.6600,22021100
2004-06-04,26.9300,29.0600,26.8900,28.0200,20586100
2004-05-28,25.3000,28.0800,25.2300,27.3300,25159900
2004-05-21,24.7600,26.1500,24.4900,24.9600,17222700
2004-05-14,24.6200,26.2200,23.4700,25.5100,21795400
2004-05-07,22.6600,26.0000,22.6100,24.9300,21184400
2004-04-30,24.3400,26.6800,22.3800,22.7200,26314900
2004-04-23,23.2800,24.9000,23.1700,24.5200,12515600
2004-04-16,24.2900,25.5800,22.6700,23.1900,20684700
2004-04-08,23.8100,24.8000,23.4000,24.2500,18212100
2004-04-02,22.3600,24.1500,22.3200,23.8500,33905300
2004-03-26,19.2600,22.5500,18.0300,22.1200,86124600
2004-03-19,17.8800,19.7000,17.5400,19.2200,16540800
2004-03-12,19.1700,19.3100,17.3000,18.0200,21903100
2004-03-05,18.1800,19.6000,17.5800,18.9000,21707000
2004-02-27,17.7500,18.2500,16.6200,18.0900,18013100
2004-02-20,18.6300,18.6400,17.1400,17.5300,10331000
2004-02-13,18.5100,19.0000,17.6900,18.3100,15177900
2004-02-06,17.5800,18.8500,17.2600,18.4200,27664400
2004-01-30,20.3900,21.0600,18.5000,19.3000,19557900
2004-01-23,20.9300,21.8800,19.8500,20.4000,23713800
2004-01-16,21.1000,21.7300,19.4900,20.4900,30244000
2004-01-09,18.5900,21.1900,18.2800,20.3900,58159500
2004-01-02,19.6900,19.9800,18.3300,18.3700,16134100
2003-12-26,17.2300,19.0700,16.9700,18.8800,37344800
2003-12-19,13.8700,17.5900,13.0100,17.4900,46051800
2003-12-12,12.0800,13.6700,11.8600,13.4600,16078700
2003-12-05,13.2900,13.4500,11.9500,12.0600,10630400
2003-11-28,12.7500,13.4500,12.6700,13.3200,6846500
2003-11-21,12.4900,13.0400,11.4500,12.5500,19885200
2003-11-14,13.5100,13.8300,12.8100,12.8900,13902900
2003-11-07,15.2000,15.4500,12.2500,13.5300,34098400
2003-10-31,13.9900,15.4500,13.5500,15.0100,22178500
2003-10-24,12.8800,13.5700,12.1500,13.4700,18384800
2003-10-17,11.1900,13.4800,11.1000,12.9100,30299300
2003-10-10,10.4100,11.1900,10.4000,10.7800,12357000
2003-10-03,9.7500,11.2000,9.4900,10.4500,19359800
2003-09-26,9.7700,10.9500,9.2900,9.6100,34636700
2003-09-19,8.3000,10.0700,8.2000,9.8800,26978200
2003-09-12,8.2300,8.9800,8.0900,8.3400,12722500
2003-09-05,7.3300,8.1800,7.2500,8.1100,9671100
2003-08-29,7.0100,7.3100,6.7500,7.2500,3425700
2003-08-22,6.9100,7.4100,6.8000,6.9900,6729700
2003-08-15,6.5200,6.8400,6.4000,6.7500,2963500
2003-08-08,7.0300,7.1000,6.2500,6.3900,8778000
2003-08-01,6.6400,7.0100,5.9500,6.9100,14725200
2003-07-25,7.1800,7.2500,6.4500,6.6700,6382300
2003-07-18,7.8400,7.9500,6.9100,7.1700,5807600
2003-07-11,7.7900,8.3300,7.6400,7.6900,8753200
2003-07-03,7.8500,7.9800,7.3500,7.7800,9373900
2003-06-27,7.5000,8.1300,7.1000,7.8500,8790800
2003-06-20,8.2300,8.6800,7.3900,7.4500,20801900
2003-06-13,8.5900,8.6000,7.7500,8.2100,9287900
2003-06-06,7.4800,9.2500,7.1800,8.2700,17156600
2003-05-30,6.8000,7.6400,6.7500,7.4500,5238600
2003-05-23,7.1500,7.3000,6.6100,6.9100,5448400
2003-05-16,6.7000,7.6500,6.6300,7.1000,6842300
2003-05-09,6.1200,6.8700,6.1200,6.6800,4768700
2003-05-02,5.9500,6.2400,5.8100,6.1200,3946600
2003-04-25,6.0400,6.2700,5.6000,5.9500,3314700
2003-04-17,5.7500,6.1000,5.6500,6.0500,2757600
2003-04-11,5.8300,5.9100,5.6500,5.6500,2177400
2003-04-04,5.5400,5.8000,5.2600,5.6300,3802000
2003-03-28,6.0900,6.4300,5.5800,5.7200,8749100
2003-03-21,5.5400,6.2900,5.5200,6.2000,5278700
2003-03-14,5.8300,5.9000,5.3000,5.6000,4611600
2003-03-07,5.9500,6.0400,5.7000,5.8600,4404300
2003-02-28,5.5000,6.1000,5.1500,5.8900,6243800
2003-02-21,5.1500,5.6200,5.1200,5.5000,2279100
2003-02-14,5.1500,5.3000,4.9500,5.1500,2027300
2003-02-07,5.1700,5.6900,5.0600,5.1100,3506400
2003-01-31,5.5000,5.8000,5.0200,5.1400,4411000
2003-01-24,6.0200,6.1500,5.4800,5.6300,6073200
2003-01-17,6.4200,6.5900,5.9000,6.0200,3794000
2003-01-10,6.0400,6.4000,5.9600,6.3500,7132300
2003-01-03,5.8800,6.1600,5.7500,6.1000,3923400
2002-12-27,5.9600,6.3600,5.8700,5.9600,2401300
2002-12-20,6.0300,6.8500,5.7500,5.9800,9086300
2002-12-13,6.0200,6.2200,5.7000,6.0000,5479300
2002-12-06,6.9800,7.0800,5.1600,6.0300,5589300
2002-11-29,5.8300,7.2400,5.8000,6.8700,6123100
2002-11-22,4.5800,6.1100,4.5200,6.0000,6411900
2002-11-15,4.5100,4.6100,4.2800,4.5200,2260200
2002-11-08,4.7500,5.1000,4.5000,4.5900,3244000
2002-11-01,4.5100,4.7700,4.3300,4.6900,3126200
2002-10-25,4.5000,4.7500,4.2100,4.5000,2374200
2002-10-18,4.0800,4.5000,3.8400,4.4800,2074600
2002-10-11,4.2800,4.2900,3.4600,4.1200,4345200
2002-10-04,4.7800,4.9000,4.2600,4.3600,3120800
2002-09-27,5.0000,5.1300,4.7600,4.7800,2607000
2002-09-20,6.1400,6.1900,4.9500,4.9800,12160700
2002-09-13,5.0500,5.6200,5.0000,5.2500,2605800
2002-09-06,4.7500,5.1500,4.5000,5.0800,2515100
2002-08-30,5.2400,5.3200,4.6000,4.7500,1871800
2002-08-23,5.0900,5.3900,5.0000,5.2500,2139900
2002-08-16,5.0700,5.2900,4.6700,5.0900,4557200
2002-08-09,4.2600,5.0400,4.2500,4.9400,3122500
2002-08-02,4.8000,5.0000,4.3000,4.4000,4467200
2002-07-26,5.7600,5.7600,4.5100,4.7100,4673800
2002-07-19,5.5400,5.8300,5.2900,5.6500,3632000
2002-07-12,5.4100,5.8000,5.1000,5.7000,3671400
2002-07-05,5.6900,5.8300,5.0700,5.3900,3001300
2002-06-28,5.1500,6.0400,5.0200,5.8700,11292200
2002-06-21,5.3500,5.7500,5.1200,5.2000,4653700
2002-06-14,4.9900,5.6000,4.9400,5.4400,4065100
2002-06-07,4.7400,5.1400,4.5200,5.0300,3449700
2002-05-31,4.5800,4.8700,4.1200,4.8100,1963800
2002-05-24,5.1200,5.1300,4.5000,4.5900,3175900
2002-05-17,4.9000,5.6000,4.9000,5.1200,4706800
2002-05-10,5.1900,5.2900,4.3800,5.0300,3611900
2002-05-03,4.6100,5.1600,4.4000,5.1600,3721300
2002-04-26,5.1100,5.1600,4.5000,4.6200,3420400
2002-04-19,5.0600,5.4600,5.0100,5.1800,1897300
2002-04-12,5.0100,5.4000,4.6900,5.1000,2764300
2002-04-05,5.6700,5.8200,4.9200,5.0100,5451200
2002-03-28,5.8900,5.9800,5.6300,5.7000,2981400
2002-03-22,7.1000,7.2000,5.0600,5.9500,14120000
2002-03-15,6.8500,7.5000,6.4000,7.1000,5890300
2002-03-08,6.5900,7.2500,6.5300,6.7500,3914600
2002-03-01,6.1600,6.5000,5.7100,6.5000,3938400
2002-02-22,7.3000,7.3200,5.8500,6.1500,6306900
2002-02-15,7.7500,7.7500,7.2600,7.3900,5159500
2002-02-08,8.3700,8.7500,6.8500,7.8800,8504000
2002-02-01,8.5800,8.7600,7.9000,8.4500,7485200
2002-01-25,9.3500,9.5000,7.3000,8.5600,15127500
2002-01-18,8.6400,8.8800,7.9800,8.4100,8158300
2002-01-11,8.3500,9.1800,8.0000,8.7100,16304500
2002-01-04,6.9600,8.2500,6.8100,8.2500,8549900
2001-12-28,6.7800,7.4500,6.6200,7.0200,4019600
2001-12-21,7.8500,8.3400,6.5400,6.9500,13139300
2001-12-14,7.8500,8.6000,7.6500,8.0200,11666800
2001-12-07,7.9100,8.3500,6.7500,7.9600,13972900
2001-11-30,5.9600,8.4300,5.8000,7.9800,26356800
2001-11-23,6.2300,6.3000,5.4500,5.8400,3349900
2001-11-16,5.4000,6.2500,4.9500,6.0000,8568400
2001-11-09,4.5100,5.4800,4.5000,5.4000,5710900
2001-11-02,4.8500,5.0600,4.3700,4.4000,4798000
2001-10-26,4.0500,4.9000,3.9400,4.8800,4908800
2001-10-19,3.7200,4.2000,3.7100,3.9900,3099800
2001-10-12,3.4000,4.0400,3.4000,3.9400,4063300
2001-10-05,3.4000,3.9500,3.4000,3.5500,3975500
2001-09-28,3.6300,3.8300,3.2000,3.5000,4808500
2001-09-21,2.5000,3.5400,2.4000,3.5100,6172600
2001-09-10,3.2800,3.3600,3.0100,3.1200,416400
2001-09-07,3.4800,3.6900,3.0000,3.3200,2736100
2001-08-31,3.7000,3.7500,3.3500,3.5400,3486200
2001-08-24,3.9200,3.9300,3.5000,3.7000,3215600
2001-08-17,3.8100,4.0600,3.6900,3.8600,3323400
2001-08-10,3.9600,4.0000,3.7000,3.8100,2803000
2001-08-03,4.0000,4.1000,3.8000,4.0400,3815800
2001-07-27,3.5400,4.1400,3.4400,4.0100,5693300
2001-07-20,3.9100,3.9400,3.2500,3.4000,5742300
2001-07-13,4.0400,4.0900,3.6500,3.9200,5355300
2001-07-06,4.2100,4.3400,3.9800,4.0300,4516800
2001-06-29,4.7100,4.8400,3.9400,4.0000,9611700
2001-06-22,4.7100,5.1300,4.2500,4.6200,9515700
2001-06-15,5.3800,5.4000,4.4100,4.5100,4416400
2001-06-08,5.4800,5.7500,5.2100,5.3700,5122000
2001-06-01,5.8600,5.8700,5.2200,5.3400,4703500
2001-05-25,5.8500,6.3000,5.7800,5.9500,7902200
2001-05-18,5.7700,6.1500,5.5100,5.8200,5104800
2001-05-11,6.4200,6.9000,5.5200,5.8000,7157800
2001-05-04,5.3500,6.7500,5.0500,6.4100,16686400
2001-04-27,5.7300,5.7700,5.2000,5.2600,4137900
2001-04-20,5.7400,6.1500,5.4200,5.9200,6596400
2001-04-12,4.5200,6.0000,4.4500,5.7500,5470200
2001-04-06,5.8700,6.0700,4.0500,4.3000,5905000
2001-03-30,6.3000,6.3200,5.4900,6.0900,6117900
2001-03-23,5.5600,7.1300,5.0600,5.8800,14003900
2001-03-16,6.3100,6.3400,5.5000,5.5600,6151800
2001-03-09,6.9400,7.0600,6.2500,6.3100,4406400
2001-03-02,6.6300,6.9100,6.0300,6.7500,5480900
2001-02-23,6.7800,7.0000,6.3100,6.5000,5139100
2001-02-16,7.4400,7.7500,6.0000,6.7800,9667200
2001-02-09,8.1900,9.0000,7.4400,7.5000,8815300
2001-02-02,7.9700,10.1300,7.7500,7.8800,19134400
2001-01-26,9.0300,9.0600,7.5000,7.8800,7559000
2001-01-19,9.0300,9.2200,7.9400,8.9400,10894000
2001-01-12,6.7500,8.7500,6.1900,8.6900,17466100
2001-01-05,6.2500,7.4400,5.7500,6.1900,10041800
2000-12-29,6.0600,6.6300,5.9100,6.2500,13424000
2000-12-22,9.5000,9.5600,5.7500,6.0000,19302700
2000-12-15,6.1900,10.6300,6.0600,8.6300,30592500
2000-12-08,6.8400,6.9400,5.0000,5.9400,15123500
2000-12-01,9.0600,9.2500,5.9700,6.5600,13772200
2000-11-24,9.7500,9.7500,6.5600,7.9400,13322100
2000-11-17,11.5600,12.5000,9.6300,9.8400,12736200
2000-11-10,14.9400,16.4400,11.4400,11.5000,18000000
2000-11-03,12.4700,18.5000,11.6900,17.0000,20486000
2000-10-27,14.0000,14.2500,12.0000,12.5000,5117900
2000-10-20,14.8100,16.0000,12.0000,14.0600,7228600
2000-10-13,14.7200,15.0600,10.6300,14.5600,10683800
2000-10-06,17.2200,17.6200,14.0000,14.6300,9113000
2000-09-29,20.1600,20.5000,16.5600,17.0600,10367100
2000-09-22,20.8100,21.2500,18.3100,19.5000,12529200
2000-09-15,24.0900,25.9400,21.0000,21.1900,14467900
2000-09-08,26.7500,28.0000,24.0000,24.1200,10950000
2000-09-01,24.4400,27.1200,23.7500,26.6900,14963900
2000-08-25,23.2200,25.7500,22.1200,24.1900,11012200
2000-08-18,21.0000,26.1200,20.5000,23.4400,29871300
2000-08-11,19.5000,22.0000,19.1900,20.0600,10059500
2000-08-04,18.8100,20.0000,18.0000,19.3700,6377400
2000-07-28,25.6200,25.9400,18.0000,18.1900,12175600
2000-07-21,25.3700,28.8700,24.4400,25.3100,13715000
2000-07-14,24.8700,26.1200,22.0000,25.0000,14373800
2000-07-07,26.5000,27.0000,22.5600,24.6200,9625800
2000-06-30,33.0600,33.2500,25.2500,27.0600,25927000
2000-06-23,25.1200,36.0000,24.2500,31.3700,84628800
2000-06-16,23.1900,25.6200,20.5000,25.0000,14310900
2000-06-09,19.5600,25.8700,19.3100,23.0000,26741800
2000-06-02,16.8700,20.3100,15.3800,19.1900,8576600
2000-05-26,19.0600,19.2500,15.0000,16.3100,10347700
2000-05-19,22.4400,22.7500,18.7500,19.1900,6334400
2000-05-12,24.7800,25.5000,19.9400,21.8100,11170100
2000-05-05,29.3100,29.8700,24.6200,24.7500,14318700
2000-04-28,27.7500,30.0000,24.8700,25.0600,12117600
2000-04-20,23.5000,31.7500,22.0000,26.2500,8995600
2000-04-14,38.5000,38.6300,23.0000,24.1200,13518800
2000-04-07,43.2500,47.3800,33.0000,38.1300,16102800
2000-03-31,62.7500,64.0600,39.0000,42.3800,23593900
2000-03-24,63.6900,64.0000,55.5000,60.5000,10588500
2000-03-17,65.8700,79.5600,61.5000,62.8800,11595200
2000-03-10,69.7500,75.5000,59.8100,71.1200,13937600
2000-03-03,65.7500,71.6900,53.7500,70.6200,18086700
2000-02-25,73.0000,76.2500,67.0000,68.3700,7062700
2000-02-18,83.1200,84.0000,69.1200,71.5000,16745600
2000-02-11,90.7500,94.3700,81.2500,83.3700,8355000
2000-02-04,103.3700,108.6200,88.3100,92.6900,18038200
2000-01-28,117.0000,123.6900,104.5000,107.0000,5331800
2000-01-21,123.5000,125.0000,110.6200,114.0600,5295900
2000-01-14,144.5000,148.0000,120.3700,132.2500,7611200